{"best_val_loss":0.07287154346704483,"best_epoch":0,"_wandb":{"runtime":448},"epoch":0,"loss":0.25341352820396423,"val_loss":0.07287154346704483,"_runtime":24.6746655,"_timestamp":1.7325507824172719e+09,"accuracy":0.9217708110809326,"_step":0,"val_accuracy":0.9779999852180481}