{"best_epoch":0,"_wandb":{"runtime":16},"best_val_loss":0.2115568220615387,"val_accuracy":0.9401666522026062,"_runtime":15.2767885,"val_loss":0.2115568220615387,"epoch":0,"accuracy":0.9233750104904175,"loss":0.2564115822315216,"_step":0,"_timestamp":1.7325512242953916e+09}