{"loss":0.1250186264514923,"_wandb":{"runtime":151},"epoch":4,"val_accuracy":0.9597499966621399,"_step":4,"accuracy":0.9671666622161865,"val_loss":0.19312570989131927,"_timestamp":1.7325513258749819e+09,"best_epoch":1,"_runtime":39.8764996,"best_val_loss":0.17004139721393585}